Date,Sample_ID,Latitude,Longitude,Predicted_HMPI_ARIMA,Predicted_HMPI_SVM,Predicted_HMPI_Ensemble
2026-01-31,S001,28.4595,77.0266,100.47472054259872,129.229354753311,114.85203764795486
2026-02-28,S001,28.4595,77.0266,100.70202203229108,128.9976656748189,114.849843853555
2026-03-31,S001,28.4595,77.0266,100.73098763422118,143.23316100121028,121.98207431771573
2026-04-30,S001,28.4595,77.0266,100.73467879390653,170.62432264628399,135.67950072009526
2026-05-31,S001,28.4595,77.0266,100.7351491676918,182.52323294264517,141.6291910551685
2026-06-30,S001,28.4595,77.0266,100.73520910860923,150.20038932191048,125.46779921525984
2026-07-31,S001,28.4595,77.0266,100.73521674703146,96.08625440882237,98.41073557792691
2026-08-31,S001,28.4595,77.0266,100.73521772041487,70.88817355847354,85.8116956394442
2026-09-30,S001,28.4595,77.0266,100.73521784445556,87.72459175496026,94.22990479970791
2026-10-31,S001,28.4595,77.0266,100.73521786026238,119.35756020642907,110.04638903334572
2026-11-30,S001,28.4595,77.0266,100.73521786227668,136.6444306781679,118.68982427022229
2026-12-31,S001,28.4595,77.0266,100.73521786253337,135.43869598557887,118.08695692405612
2026-01-31,S002,28.4682,77.0311,74.44595447372423,76.15640204529522,75.30117825950973
2026-02-28,S002,28.4682,77.0311,74.2257822994356,76.40338711898693,75.31458470921126
2026-03-31,S002,28.4682,77.0311,74.22063959250158,84.31150971665696,79.26607465457927
2026-04-30,S002,28.4682,77.0311,74.22051947089814,101.79343028408253,88.00697487749034
2026-05-31,S002,28.4682,77.0311,74.22051666513849,111.9510540540078,93.08578535957315
2026-06-30,S002,28.4682,77.0311,74.2205165996025,93.13933189994142,83.67992424977197
2026-07-31,S002,28.4682,77.0311,74.22051659807174,58.34676459941315,66.28364059874244
2026-08-31,S002,28.4682,77.0311,74.22051659803599,41.84577030560055,58.03314345181827
2026-09-30,S002,28.4682,77.0311,74.22051659803515,52.018752438328505,63.119634518181826
2026-10-31,S002,28.4682,77.0311,74.22051659803513,71.18142712741422,72.70097186272469
2026-11-30,S002,28.4682,77.0311,74.22051659803513,80.86819582754904,77.54435621279208
2026-12-31,S002,28.4682,77.0311,74.22051659803513,79.35463582969183,76.78757621386347
2026-01-31,S003,28.451,77.0203,176.1609033040064,207.10243090583472,191.63166710492055
2026-02-28,S003,28.451,77.0203,172.29834850357045,205.89852211071815,189.0984353071443
2026-03-31,S003,28.451,77.0203,170.90381430256625,226.768199747419,198.83600702499263
2026-04-30,S003,28.451,77.0203,170.40033260761373,264.19503311764674,217.29768286263024
2026-05-31,S003,28.451,77.0203,170.21855591330984,277.06902993235803,223.64379292283394
2026-06-30,S003,28.451,77.0203,170.15292737721148,230.27838768524066,200.21565753122607
2026-07-31,S003,28.451,77.0203,170.12923289444566,156.31470616156093,163.22196952800329
2026-08-31,S003,28.451,77.0203,170.1206782542401,122.39259433190087,146.25663629307047
2026-09-30,S003,28.451,77.0203,170.11758969266353,146.71775976668195,158.41767472967274
2026-10-31,S003,28.451,77.0203,170.11647460045825,192.2297186443729,181.17309662241558
2026-11-30,S003,28.451,77.0203,170.1160720083145,218.1332337510607,194.12465287968757
2026-12-31,S003,28.451,77.0203,170.11592665671625,217.1719410607451,193.6439338587307
2026-01-31,S004,28.4755,77.0401,29.68722663093316,43.02922456247828,36.35822559670572
2026-02-28,S004,28.4755,77.0401,29.37081756106755,43.3892873893445,36.38005247520603
2026-03-31,S004,28.4755,77.0401,29.234290593353652,46.57442258371108,37.904356588532366
2026-04-30,S004,28.4755,77.0401,29.1753807368155,55.33105655304499,42.25321864493024
2026-05-31,S004,28.4755,77.0401,29.14996179391026,62.07442143325807,45.612191613584166
2026-06-30,S004,28.4755,77.0401,29.138993804911657,53.395325516431285,41.26715966067147
2026-07-31,S004,28.4755,77.0401,29.134261240574816,35.33404948383685,32.23415536220583
2026-08-31,S004,28.4755,77.0401,29.13221919210037,26.97264890591225,28.052434049006308
2026-09-30,S004,28.4755,77.0401,29.131338071068473,32.14095263680264,30.636145353935554
2026-10-31,S004,28.4755,77.0401,29.130957877217757,41.603793641685485,35.36737575945162
2026-11-30,S004,28.4755,77.0401,29.13079382783193,45.87208714355606,37.50144048569399
2026-12-31,S004,28.4755,77.0401,29.130723042360415,44.39102212434429,36.76087258335235
2026-01-31,S005,28.4433,77.0159,265.5029966332615,291.73238851273334,278.6176925729974
2026-02-28,S005,28.4433,77.0159,265.4903350015577,290.3099988161143,277.900166908836
2026-03-31,S005,28.4433,77.0159,265.49032007237196,315.7099951524068,290.60015761238935
2026-04-30,S005,28.4433,77.0159,265.49032005476914,358.60441402101026,312.04736703788967
2026-05-31,S005,28.4433,77.0159,265.4903200547484,370.0568979043278,317.7736089795381
2026-06-30,S005,28.4433,77.0159,265.4903200547484,312.58997663925464,289.0401483470015
2026-07-31,S005,28.4433,77.0159,265.4903200547484,225.67661320981153,245.58346663227996
2026-08-31,S005,28.4433,77.0159,265.4903200547484,186.2381154754039,225.86421776507615
2026-09-30,S005,28.4433,77.0159,265.4903200547484,215.6174476351023,240.55388384492534
2026-10-31,S005,28.4433,77.0159,265.4903200547484,270.88043707688627,268.18537856581736
2026-11-30,S005,28.4433,77.0159,265.4903200547484,303.6258827137719,284.5581013842601
2026-12-31,S005,28.4433,77.0159,265.4903200547484,303.84980358768206,284.6700618212152
2026-01-31,S006,28.4611,77.0385,75.04973911474957,105.98959259904291,90.51966585689624
2026-02-28,S006,28.4611,77.0385,73.70404346394349,107.58622117847875,90.64513232121112
2026-03-31,S006,28.4611,77.0385,73.53748180012657,117.75504715828998,95.64626447920827
2026-04-30,S006,28.4611,77.0385,73.51686585488156,135.72530402421225,104.6210849395469
2026-05-31,S006,28.4611,77.0385,73.51431414407004,142.66032325212933,108.0873186980997
2026-06-30,S006,28.4611,77.0385,73.51399830950663,118.92193688872254,96.21796759911459
2026-07-31,S006,28.4611,77.0385,73.51395921750961,80.57097114103682,77.04246517927322
2026-08-31,S006,28.4611,77.0385,73.51395437895042,62.99585702214054,68.25490570054548
2026-09-30,S006,28.4611,77.0385,73.51395378006428,74.17728763754586,73.84562070880507
2026-10-31,S006,28.4611,77.0385,73.51395370593796,95.56077452530414,84.53736411562105
2026-11-30,S006,28.4611,77.0385,73.51395369676308,107.86285581583567,90.68840475629938
2026-12-31,S006,28.4611,77.0385,73.51395369562748,108.28736420006972,90.9006589478486
2026-01-31,S007,28.4801,77.0254,54.85446492218953,63.232170687145214,59.04331780466737
2026-02-28,S007,28.4801,77.0254,55.05869811151686,63.78677208073884,59.42273509612785
2026-03-31,S007,28.4801,77.0254,55.06824988640874,68.42194521177169,61.74509754909022
2026-04-30,S007,28.4801,77.0254,55.068696613034746,81.05561042216709,68.06215351760092
2026-05-31,S007,28.4801,77.0254,55.0687175059767,91.32441167555125,73.19656459076397
2026-06-30,S007,28.4801,77.0254,55.06871848311797,80.90516989916128,67.98694419113963
2026-07-31,S007,28.4801,77.0254,55.068718528817854,56.3350137899468,55.70186615938233
2026-08-31,S007,28.4801,77.0254,55.06871853095519,42.760364033181446,48.91454128206831
2026-09-30,S007,28.4801,77.0254,55.06871853105515,47.821129460229855,51.4449239956425
2026-10-31,S007,28.4801,77.0254,55.06871853105982,60.04303726056722,57.55587789581352
2026-11-30,S007,28.4801,77.0254,55.06871853106004,66.07031078290575,60.569514656982896
2026-12-31,S007,28.4801,77.0254,55.06871853106005,64.71289083429755,59.890804682678805
2026-01-31,S008,28.4398,77.0298,357.56826054200604,345.95822635192854,351.7632434469673
2026-02-28,S008,28.4398,77.0298,354.80147052943914,349.9105771378304,352.35602383363477
2026-03-31,S008,28.4398,77.0298,354.7028035071256,379.9745747995554,367.3386891533405
2026-04-30,S008,28.4398,77.0298,354.699284923768,422.91990197594214,388.8095934498551
2026-05-31,S008,28.4398,77.0298,354.6991594469009,428.5735689293427,391.6363641881218
2026-06-30,S008,28.4398,77.0298,354.6991549722466,362.82015576192276,358.7596553670847
2026-07-31,S008,28.4398,77.0298,354.69915481267515,268.1644777471793,311.43181627992726
2026-08-31,S008,28.4398,77.0298,354.69915480698467,222.4442690413552,288.5717119241699
2026-09-30,S008,28.4398,77.0298,354.69915480678173,248.4017458728012,301.5504503397915
2026-10-31,S008,28.4398,77.0298,354.6991548067745,305.4228387715913,330.0609967891829
2026-11-30,S008,28.4398,77.0298,354.69915480677423,344.726565192619,349.7128599996966
2026-12-31,S008,28.4398,77.0298,354.69915480677423,352.3371934460197,353.51817412639696
2026-01-31,S009,28.4555,77.0112,128.57615361163317,153.98499023146928,141.28057192155123
2026-02-28,S009,28.4555,77.0112,125.98416759249164,149.97401924651138,137.9790934195015
2026-03-31,S009,28.4555,77.0112,125.28529180474563,164.53214570952892,144.90871875713728
2026-04-30,S009,28.4555,77.0112,125.09685430427662,196.18863752606092,160.64274591516877
2026-05-31,S009,28.4555,77.0112,125.04604600299389,211.70163644550755,168.37384122425073
2026-06-30,S009,28.4555,77.0112,125.0323465882128,178.80148500738332,151.91691579779805
2026-07-31,S009,28.4555,77.0112,125.02865282241851,122.04099590692735,123.53482436467293
2026-08-31,S009,28.4555,77.0112,125.02765687434619,97.1412072315833,111.08443205296474
2026-09-30,S009,28.4555,77.0112,125.02738833740639,118.68486348533978,121.85612591137308
2026-10-31,S009,28.4555,77.0112,125.02731593193663,154.52579367778145,139.77655480485905
2026-11-30,S009,28.4555,77.0112,125.027296409289,171.2065109720489,148.11690369066895
2026-12-31,S009,28.4555,77.0112,125.02729114540807,165.572364955201,145.29982805030454
2026-01-31,S010,28.4903,77.0456,27.011800830025756,28.433064756047003,27.72243279303638
2026-02-28,S010,28.4903,77.0456,27.012529842752564,27.9362429739559,27.47438640835423
2026-03-31,S010,28.4903,77.0456,27.012529947986156,29.859626687542857,28.436078317764505
2026-04-30,S010,28.4903,77.0456,27.012529948001347,35.695153326170725,31.353841637086035
2026-05-31,S010,28.4903,77.0456,27.01252994800135,41.02366838832597,34.01809916816366
2026-06-30,S010,28.4903,77.0456,27.01252994800135,37.22867850027521,32.120604224138276
2026-07-31,S010,28.4903,77.0456,27.01252994800135,26.976901994609022,26.994715971305187
2026-08-31,S010,28.4903,77.0456,27.01252994800135,21.37108404435577,24.19180699617856
2026-09-30,S010,28.4903,77.0456,27.01252994800135,23.463860743270033,25.238195345635692
2026-10-31,S010,28.4903,77.0456,27.01252994800135,29.169449559027072,28.09098975351421
2026-11-30,S010,28.4903,77.0456,27.01252994800135,32.156779790193724,29.584654869097537
2026-12-31,S010,28.4903,77.0456,27.01252994800135,30.55758113619376,28.785055542097556
2026-01-31,S011,28.4632,77.0221,104.92899874879089,106.78526989698905,105.85713432288998
2026-02-28,S011,28.4632,77.0221,104.92352652461274,105.36251282258031,105.14301967359653
2026-03-31,S011,28.4632,77.0221,104.92352514809515,117.00120718652727,110.96236616731122
2026-04-30,S011,28.4632,77.0221,104.92352514774889,142.46747667511232,123.6955009114306
2026-05-31,S011,28.4632,77.0221,104.9235251477488,156.10372292816018,130.5136240379545
2026-06-30,S011,28.4632,77.0221,104.9235251477488,129.42890068533916,117.17621291654399
2026-07-31,S011,28.4632,77.0221,104.9235251477488,81.50438908998277,93.21395711886578
2026-08-31,S011,28.4632,77.0221,104.9235251477488,59.226826921358935,82.07517603455386
2026-09-30,S011,28.4632,77.0221,104.9235251477488,74.82801013934886,89.87576764354884
2026-10-31,S011,28.4632,77.0221,104.9235251477488,102.86186730961815,103.89269622868348
2026-11-30,S011,28.4632,77.0221,104.9235251477488,116.64910486931583,110.78631500853231
2026-12-31,S011,28.4632,77.0221,104.9235251477488,113.58802691769665,109.25577603272274
2026-01-31,S012,28.4715,77.0355,52.98869428589702,59.11243876888139,56.05056652738921
2026-02-28,S012,28.4715,77.0355,52.978870895205674,59.63176028820811,56.30531559170689
2026-03-31,S012,28.4715,77.0355,52.97858713856635,65.11915655116212,59.04887184486424
2026-04-30,S012,28.4715,77.0355,52.978578942024754,78.0400230887577,65.50930101539123
2026-05-31,S012,28.4715,77.0355,52.97857870526098,86.4206434854427,69.69961109535184
2026-06-30,S012,28.4715,77.0355,52.97857869842186,72.7568722731957,62.867725485808776
2026-07-31,S012,28.4715,77.0355,52.97857869822431,46.4253099034635,49.701944300843905
2026-08-31,S012,28.4715,77.0355,52.978578698218605,33.97921658741811,43.47889764281835
2026-09-30,S012,28.4715,77.0355,52.97857869821844,41.45115793315907,47.214868315688754
2026-10-31,S012,28.4715,77.0355,52.978578698218435,55.522763710560895,54.25067120438966
2026-11-30,S012,28.4715,77.0355,52.978578698218435,62.423803589151845,57.701191143685136
2026-12-31,S012,28.4715,77.0355,52.978578698218435,61.084653727388115,57.03161621280327
2026-01-31,S013,28.4488,77.0189,241.90574757746612,230.26934556606662,236.08754657176638
2026-02-28,S013,28.4488,77.0189,241.86756869683404,228.9180965833812,235.39283264010763
2026-03-31,S013,28.4488,77.0189,241.86776152134422,251.25164967415327,246.55970559774875
2026-04-30,S013,28.4488,77.0189,241.86776054747355,290.6293419758134,266.24855126164346
2026-05-31,S013,28.4488,77.0189,241.86776055239213,303.31571104556485,272.5917357989785
2026-06-30,S013,28.4488,77.0189,241.8677605523673,253.1895055837656,247.52863306806643
2026-07-31,S013,28.4488,77.0189,241.8677605523674,174.98748519618374,208.42762287427558
2026-08-31,S013,28.4488,77.0189,241.8677605523674,139.25002587968584,190.5588932160266
2026-09-30,S013,28.4488,77.0189,241.8677605523674,165.2330151508038,203.55038785158558
2026-10-31,S013,28.4488,77.0189,241.8677605523674,213.86565208232616,227.86670631734677
2026-11-30,S013,28.4488,77.0189,241.8677605523674,241.84489773203902,241.8563291422032
2026-12-31,S013,28.4488,77.0189,241.8677605523674,241.10838207785446,241.48807131511091
2026-01-31,S014,28.4781,77.039,37.233792595550945,40.6975248007993,38.96565869817512
2026-02-28,S014,28.4781,77.039,38.06243886176457,41.054637256628666,39.55853805919662
2026-03-31,S014,28.4781,77.039,38.41986813093573,44.00638040136786,41.213124266151794
2026-04-30,S014,28.4781,77.039,38.57404209836817,52.48770953267746,45.53087581552281
2026-05-31,S014,28.4781,77.039,38.640543681433755,59.463102978293364,49.05182332986356
2026-06-30,S014,28.4781,77.039,38.669228553619895,51.649754395431444,45.159491474525666
2026-07-31,S014,28.4781,77.039,38.68160152061413,34.35246038177715,36.517030951195636
2026-08-31,S014,28.4781,77.039,38.68693849096028,25.92322088546166,32.30507968821097
2026-09-30,S014,28.4781,77.039,38.68924054611722,30.416867453069244,34.55305399959323
2026-10-31,S014,28.4781,77.039,38.690233517335315,39.324672788586724,39.00745315296102
2026-11-30,S014,28.4781,77.039,38.6906618267253,43.42859087350493,41.05962635011511
2026-12-31,S014,28.4781,77.039,38.690846574208614,41.98266706058402,40.33675681739632
2026-01-31,S015,28.435,77.0121,406.91896076976377,384.988818072485,395.95388942112436
2026-02-28,S015,28.435,77.0121,391.3744991773068,384.0141382981058,387.69431873770634
2026-03-31,S015,28.435,77.0121,388.842219009506,412.00153948566094,400.42187924758343
2026-04-30,S015,28.435,77.0121,388.42969633639206,456.4322287757392,422.43096255606565
2026-05-31,S015,28.435,77.0121,388.36249407417915,464.5612755999301,426.46188483705464
2026-06-30,S015,28.435,77.0121,388.3515464479252,399.70377327371426,394.02765986081977
2026-07-31,S015,28.435,77.0121,388.34976301807257,305.59274727398446,346.9712551460285
2026-08-31,S015,28.435,77.0121,388.34947248732504,263.24067397961363,325.79507323346934
2026-09-30,S015,28.435,77.0121,388.3494251582332,295.5471747964963,341.94829997736474
2026-10-31,S015,28.435,77.0121,388.3494174480581,357.0040547640263,372.6767361060422
2026-11-30,S015,28.435,77.0121,388.3494161920272,395.07516623040635,391.7122912112168
2026-12-31,S015,28.435,77.0121,388.3494159874127,397.416342012755,392.8828790000839
2026-01-31,S016,28.465,77.03,77.71866328760093,91.87680641219373,84.79773484989732
2026-02-28,S016,28.465,77.03,78.34317826771341,92.04900639122837,85.1960923294709
2026-03-31,S016,28.465,77.03,78.40699422749891,101.98462042234422,90.19580732492156
2026-04-30,S016,28.465,77.03,78.41351525077782,122.60042397107912,100.50696961092848
2026-05-31,S016,28.465,77.03,78.4141816004613,133.27761952895352,105.84590056470742
2026-06-30,S016,28.465,77.03,78.41424969129332,110.10257775310914,94.25841372220123
2026-07-31,S016,28.465,77.03,78.41425664914371,69.11762444362768,73.76594054638569
2026-08-31,S016,28.465,77.03,78.4142573601305,49.867587466405354,64.14092241326793
2026-09-30,S016,28.465,77.03,78.41425743278258,62.1632211598382,70.28873929631038
2026-10-31,S016,28.465,77.03,78.41425744020651,85.23942991117683,81.82684367569166
2026-11-30,S016,28.465,77.03,78.41425744096513,97.30489519487111,87.85957631791811
2026-12-31,S016,28.465,77.03,78.41425744104265,95.93172391342844,87.17299067723555
2026-01-31,S017,28.4532,77.0245,155.81051215131313,185.49854780732989,170.65452997932152
2026-02-28,S017,28.4532,77.0245,150.00003747515203,185.31597403387278,167.6580057545124
2026-03-31,S017,28.4532,77.0245,147.3022160638607,204.77795156957737,176.04008381671903
2026-04-30,S017,28.4532,77.0245,146.049609216251,239.21241626085666,192.63101273855384
2026-05-31,S017,28.4532,77.0245,145.46801997238495,251.10552470826235,198.28677234032364
2026-06-30,S017,28.4532,77.0245,145.19798628286284,207.57845450872955,176.3882203957962
2026-07-31,S017,28.4532,77.0245,145.07260880340291,138.53418063325958,141.80339471833125
2026-08-31,S017,28.4532,77.0245,145.01439565087537,106.4646656655825,125.73953065822894
2026-09-30,S017,28.4532,77.0245,144.98736710362917,128.134745146513,136.5610561250711
2026-10-31,S017,28.4532,77.0245,144.9748176653232,169.65662119357125,157.31571942944723
2026-11-30,S017,28.4532,77.0245,144.96899092220005,193.73692468544132,169.3529578038207
2026-12-31,S017,28.4532,77.0245,144.96628554729838,193.62353959105255,169.29491256917547
2026-01-31,S018,28.4721,77.0423,30.191462817874296,48.60385759250124,39.39766020518777
2026-02-28,S018,28.4721,77.0423,29.36248861747836,49.071717565613824,39.21710309154609
2026-03-31,S018,28.4721,77.0423,29.254045454696158,52.601582811067516,40.927814132881835
2026-04-30,S018,28.4721,77.0423,29.23985934426161,61.4638220750183,45.35184070963996
2026-05-31,S018,28.4721,77.0423,29.238003572776364,67.52431720109433,48.38116038693535
2026-06-30,S018,28.4721,77.0423,29.237760808008577,57.72249090358443,43.4801258557965
2026-07-31,S018,28.4721,77.0423,29.237729050471106,39.00835753311034,34.12304329179072
2026-08-31,S018,28.4721,77.0423,29.23772489607426,30.883753733405626,30.06073931473994
2026-09-30,S018,28.4721,77.0423,29.23772435261231,36.767135570227566,33.002429961419935
2026-10-31,S018,28.4721,77.0423,29.237724281518744,46.77308311394839,38.00540369773357
2026-11-30,S018,28.4721,77.0423,29.23772427221856,51.296513815605266,40.26711904391191
2026-12-31,S018,28.4721,77.0423,29.237724271001948,49.943760960299244,39.5907426156506
2026-01-31,S019,28.4455,77.0175,330.94578227912376,267.5499308436744,299.2478565613991
2026-02-28,S019,28.4455,77.0175,338.5123955042032,266.26062643001455,302.38651096710885
2026-03-31,S019,28.4455,77.0175,339.36450755124264,290.7243589889086,315.0444332700756
2026-04-30,S019,28.4455,77.0175,339.46046791278235,332.5508990492068,336.00568348099455
2026-05-31,S019,28.4455,77.0175,339.47127446224823,344.5044281300726,341.98785129616044
2026-06-30,S019,28.4455,77.0175,339.47249143881527,289.4325306930491,314.4525110659322
2026-07-31,S019,28.4455,77.0175,339.4726284882934,205.2394002118334,272.35601435006345
2026-08-31,S019,28.4455,77.0175,339.47264392208234,166.8516394549555,253.16214168851891
2026-09-30,S019,28.4455,77.0175,339.47264566015417,194.96176361172064,267.2172046359374
2026-10-31,S019,28.4455,77.0175,339.47264585588664,247.94944440746224,293.71104513167444
2026-11-30,S019,28.4455,77.0175,339.472645877929,279.1288351936523,309.3007405357906
2026-12-31,S019,28.4455,77.0175,339.4726458804113,279.1197259728236,309.29618592661745
2026-01-31,S020,28.485,77.0333,90.12778182274835,49.451415905915695,69.78959886433202
2026-02-28,S020,28.485,77.0333,77.3706263717608,50.440803594658576,63.90571498320969
2026-03-31,S020,28.485,77.0333,76.34638287531259,53.98133211476747,65.16385749504002
2026-04-30,S020,28.485,77.0333,76.26414865436521,63.070615657159806,69.66738215576251
2026-05-31,S020,28.485,77.0333,76.25754625257476,70.77653379682964,73.5170400247022
2026-06-30,S020,28.485,77.0333,76.25701616049264,63.23971591747605,69.74836603898434
2026-07-31,S020,28.485,77.0333,76.25697360058423,44.78265502042197,60.5198143105031
2026-08-31,S020,28.485,77.0333,76.25697018354431,34.00237704343709,55.1296736134907
2026-09-30,S020,28.485,77.0333,76.25696990919782,36.747900903351564,56.50243540627469
2026-10-31,S020,28.485,77.0333,76.25696988717115,45.622918395564284,60.93994414136772
2026-11-30,S020,28.485,77.0333,76.25696988540268,50.690247721498736,63.47360880345071
2026-12-31,S020,28.485,77.0333,76.2569698852607,50.10976131630753,63.183365600784114
2026-01-31,S021,28.4581,77.0281,97.7691344935557,139.30556832408288,118.53735140881929
2026-02-28,S021,28.4581,77.0281,100.53752997776155,139.5538245030245,120.04567724039302
2026-03-31,S021,28.4581,77.0281,101.21141800535239,154.73012483132771,127.97077141834005
2026-04-30,S021,28.4581,77.0281,101.3754570945364,182.71302918546314,142.04424313999976
2026-05-31,S021,28.4581,77.0281,101.41538779767787,193.869745588226,147.64256669295193
2026-06-30,S021,28.4581,77.0281,101.42510780442323,159.56965289586844,130.49738035014585
2026-07-31,S021,28.4581,77.0281,101.42747386671859,103.3906413131742,102.4090575899464
2026-08-31,S021,28.4581,77.0281,101.42804981804579,77.18029218594799,89.30417100199689
2026-09-30,S021,28.4581,77.0281,101.42819001719946,94.35394936707958,97.89106969213952
2026-10-31,S021,28.4581,77.0281,101.42822414474072,127.16689204476756,114.29755809475415
2026-11-30,S021,28.4581,77.0281,101.42823245213091,145.69965620752203,123.56394432982647
2026-12-31,S021,28.4581,77.0281,101.42823447433143,145.2317345553913,123.32998451486137
2026-01-31,S022,28.4699,77.0329,66.94265120867044,67.70547214716237,67.3240616779164
2026-02-28,S022,28.4699,77.0329,64.74607711657617,68.10784438661835,66.42696075159726
2026-03-31,S022,28.4699,77.0329,63.70119497278228,74.83819575466059,69.26969536372144
2026-04-30,S022,28.4699,77.0329,63.20415792843729,90.15708818798349,76.68062305821039
2026-05-31,S022,28.4699,77.0329,62.967723776587206,99.55513178674076,81.26142778166398
2026-06-30,S022,28.4699,77.0329,62.85525508074838,83.26216826552522,73.0587116731368
2026-07-31,S022,28.4699,77.0329,62.80175516356337,52.477146939302344,57.63945105143286
2026-08-31,S022,28.4699,77.0329,62.77630593862611,37.84043984545724,50.308372892041675
2026-09-30,S022,28.4699,77.0329,62.764200068486765,46.66448202765113,54.714341048068945
2026-10-31,S022,28.4699,77.0329,62.75844146121319,63.35959090296248,63.05901618208783
2026-11-30,S022,28.4699,77.0329,62.755702165536825,71.69466300476064,67.22518258514873
2026-12-31,S022,28.4699,77.0329,62.754399117691044,70.2723793809595,66.51338924932527
2026-01-31,S023,28.4501,77.0195,547.7606187645492,216.25425403276344,382.00743639865635
2026-02-28,S023,28.4501,77.0195,459.1359735190096,214.9146710116692,337.0253222653394
2026-03-31,S023,28.4501,77.0195,416.0959917655901,236.34877516068173,326.2223834631359
2026-04-30,S023,28.4501,77.0195,395.1939049453564,274.6131684977217,334.903536721539
2026-05-31,S023,28.4501,77.0195,385.0429426158736,287.4957878700609,336.26936524296724
2026-06-30,S023,28.4501,77.0195,380.1131938735216,239.41156009358804,309.7623769835548
2026-07-31,S023,28.4501,77.0195,377.71909350412744,163.7590601559426,270.739076830035
2026-08-31,S023,28.4501,77.0195,376.5564142524464,129.14592031582157,252.851167284134
2026-09-30,S023,28.4501,77.0195,375.99176664636815,154.21003130863863,265.1008989775034
2026-10-31,S023,28.4501,77.0195,375.71754921401185,201.01163498761585,288.36459210081387
2026-11-30,S023,28.4501,77.0195,375.58437730395923,227.69972072862572,301.6420490162925
2026-12-31,S023,28.4501,77.0195,375.51970323318744,226.73058314637618,301.1251431897818
2026-01-31,S024,28.4768,77.0415,30.009881624529893,38.85821746001875,34.43404954227432
2026-02-28,S024,28.4768,77.0415,29.989598077864716,39.09092030797993,34.54025919292232
2026-03-31,S024,28.4768,77.0415,29.99295027344686,41.69467413434751,35.84381220389719
2026-04-30,S024,28.4768,77.0415,29.992396267019558,49.41570760308318,39.70405193505137
2026-05-31,S024,28.4768,77.0415,29.992487825854347,55.73117436617318,42.86183109601376
2026-06-30,S024,28.4768,77.0415,29.992472694224432,48.344892041031926,39.16868236762818
2026-07-31,S024,28.4768,77.0415,29.99247519497954,32.46329309058825,31.227884142783896
2026-08-31,S024,28.4768,77.0415,29.992474781687903,25.19621116468062,27.59434297318426
2026-09-30,S024,28.4768,77.0415,29.992474849991265,29.814675540440902,29.903575195216085
2026-10-31,S024,28.4768,77.0415,29.99247483870299,38.1387576860586,34.06561626238079
2026-11-30,S024,28.4768,77.0415,29.992474840568565,41.747808563598,35.87014170208328
2026-12-31,S024,28.4768,77.0415,29.992474840260247,40.179487350207694,35.08598109523397
2026-01-31,S025,28.4421,77.0142,233.75368495045768,302.44288787247433,268.098286411466
2026-02-28,S025,28.4421,77.0142,231.76329816426497,300.709430175259,266.236364169762
2026-03-31,S025,28.4421,77.0142,231.51690255714215,326.0649604084238,278.790931482783
2026-04-30,S025,28.4421,77.0142,231.4864005483715,368.95386371383324,300.2201321311024
2026-05-31,S025,28.4421,77.0142,231.48262461847605,380.20736487189464,305.8449947451853
2026-06-30,S025,28.4421,77.0142,231.48215718543966,322.53141990272974,277.0067885440847
2026-07-31,S025,28.4421,77.0142,231.48209932058265,235.62953760688467,233.55581846373366
2026-08-31,S025,28.4421,77.0142,231.48209215732842,196.47323669835112,213.97766442783978
2026-09-30,S025,28.4421,77.0142,231.48209127056893,226.39424602324317,228.93816864690604
2026-10-31,S025,28.4421,77.0142,231.48209116079445,282.1449649632524,256.8135280620234
2026-11-30,S025,28.4421,77.0142,231.48209114720515,315.01170695362447,273.2468990504148
2026-12-31,S025,28.4421,77.0142,231.4820911455229,314.9889811383804,273.2355361419516
2026-01-31,S026,28.4619,77.0398,127.12597702245097,99.07965657927238,113.10281680086167
2026-02-28,S026,28.4619,77.0398,125.27280660081769,100.65077257989371,112.96178959035569
2026-03-31,S026,28.4619,77.0398,125.37894541463226,109.81735664171876,117.59815102817551
2026-04-30,S026,28.4619,77.0398,125.37286640124717,126.16071533827335,125.76679086976026
2026-05-31,S026,28.4619,77.0398,125.37321457174585,132.63398878815946,129.00360167995265
2026-06-30,S026,28.4619,77.0398,125.3731946305665,110.95587327798509,118.1645339542758
2026-07-31,S026,28.4619,77.0398,125.37319577268117,75.82751108299014,100.60035342783566
2026-08-31,S026,28.4619,77.0398,125.3731957072675,59.8857807755777,92.62948824142259
2026-09-30,S026,28.4619,77.0398,125.37319571101402,70.20851370934051,97.79085471017726
2026-10-31,S026,28.4619,77.0398,125.37319571079944,89.68159520014203,107.52739545547072
2026-11-30,S026,28.4619,77.0398,125.37319571081173,100.74927597241255,113.06123584161213
2026-12-31,S026,28.4619,77.0398,125.37319571081102,101.04178635357798,113.2074910321945
2026-01-31,S027,28.4823,77.0267,51.27267546119685,61.54120615511434,56.406940808155596
2026-02-28,S027,28.4823,77.0267,50.782994239039624,62.445237030408094,56.61411563472386
2026-03-31,S027,28.4823,77.0267,50.75990258993473,66.7726879860613,58.76629528799802
2026-04-30,S027,28.4823,77.0267,50.7588136687463,78.25981490312148,64.5093142859339
2026-05-31,S027,28.4823,77.0267,50.75876231904194,87.77582311346771,69.26729271625483
2026-06-30,S027,28.4823,77.0267,50.75875989756997,78.33291361805712,64.54583675781355
2026-07-31,S027,28.4823,77.0267,50.75875978338185,55.5596189455629,53.159189364472375
2026-08-31,S027,28.4823,77.0267,50.758759777997135,42.51894729907556,46.63885353853635
2026-09-30,S027,28.4823,77.0267,50.75875977774321,46.518946903467594,48.6388533406054
2026-10-31,S027,28.4823,77.0267,50.758759777731235,57.557536524561044,54.158148151146136
2026-11-30,S027,28.4823,77.0267,50.758759777730674,63.361885072676074,57.060322425203374
2026-12-31,S027,28.4823,77.0267,50.758759777730646,62.47349683087563,56.61612830430314
2026-01-31,S028,28.4385,77.0312,384.6117529750968,360.7601538324682,372.6859534037825
2026-02-28,S028,28.4385,77.0312,428.2479875975481,365.39097120855456,396.81947940305133
2026-03-31,S028,28.4385,77.0312,384.6118754541956,396.0225787004937,390.3172270773447
2026-04-30,S028,28.4385,77.0312,428.247865118793,438.75844101400855,433.5031530664008
2026-05-31,S028,28.4385,77.0312,384.6119979326069,443.3953279049888,414.0036629187979
2026-06-30,S028,28.4385,77.0312,428.2477426407255,376.6482362514798,402.4479894461026
2026-07-31,S028,28.4385,77.0312,384.61212041033065,281.3362819875573,332.974201198944
2026-08-31,S028,28.4385,77.0312,428.2476201633455,234.98395284991344,331.6157865066295
2026-09-30,S028,28.4385,77.0312,384.61224288736685,260.4629598311467,322.53760135925677
2026-10-31,S028,28.4385,77.0312,428.2474976866531,317.6385261465507,372.9430119166019
2026-11-30,S028,28.4385,77.0312,384.6123653637155,357.7969529588355,371.2046591612755
2026-12-31,S028,28.4385,77.0312,428.2473752106482,366.408359257032,397.3278672338401
2026-01-31,S029,28.4567,77.0123,132.68429964833555,145.93686325517024,139.3105814517529
2026-02-28,S029,28.4567,77.0123,131.25731696998423,142.1345934216472,136.6959551958157
2026-03-31,S029,28.4567,77.0123,130.55250010194197,156.29661441267177,143.42455725730687
2026-04-30,S029,28.4567,77.0123,130.2043761723293,187.36365263125802,158.78401440179366
2026-05-31,S029,28.4567,77.0123,130.03243041469497,202.92976334833475,166.48109688151487
2026-06-30,S029,28.4567,77.0123,129.94750277527262,170.9220484394934,150.43477560738302
2026-07-31,S029,28.4567,77.0123,129.90555522136324,115.1893564745041,122.54745584793366
2026-08-31,S029,28.4567,77.0123,129.8848364389863,90.57402400147518,110.22943022023074
2026-09-30,S029,28.4567,77.0123,129.87460299500262,111.43997426589885,120.65728863045074
2026-10-31,S029,28.4567,77.0123,129.86954848099396,146.33088996695906,138.10021922397652
2026-11-30,S029,28.4567,77.0123,129.8670519498257,162.5373044127951,146.2021781813104
2026-12-31,S029,28.4567,77.0123,129.86581886038064,157.05861742436016,143.4622181423704
2026-01-31,S030,28.493,77.0478,20.060943686370063,27.74713774505662,23.904040715713343
2026-02-28,S030,28.493,77.0478,20.0828358150853,26.89079063060555,23.486813222845427
2026-03-31,S030,28.493,77.0478,20.081380678869902,28.883019726653202,24.482200202761554
2026-04-30,S030,28.493,77.0478,20.08147739954211,34.67099128491506,27.376234342228585
2026-05-31,S030,28.493,77.0478,20.081470970667386,39.729988262490195,29.90572961657879
2026-06-30,S030,28.493,77.0478,20.081471397984828,36.21965043793128,28.150560917958053
2026-07-31,S030,28.493,77.0478,20.081471369581692,26.763748077234,23.422609723407845
2026-08-31,S030,28.493,77.0478,20.081471371469604,21.57280362647029,20.827137498969947
2026-09-30,S030,28.493,77.0478,20.08147137134412,23.59489928697235,21.838185329158236
2026-10-31,S030,28.493,77.0478,20.08147137135246,29.171727179642573,24.62659927549752
2026-11-30,S030,28.493,77.0478,20.081471371351906,32.1485246123743,26.114997991863106
2026-12-31,S030,28.493,77.0478,20.08147137135194,30.381578078943477,25.231524725147707
2026-01-31,S031,28.4645,77.0235,95.47200140885414,99.35532053608003,97.41366097246708
2026-02-28,S031,28.4645,77.0235,93.73177610172799,98.26966505389558,96.00072057781179
2026-03-31,S031,28.4645,77.0235,93.50269381573284,109.08731911173012,101.29500646373148
2026-04-30,S031,28.4645,77.0235,93.47253755174687,132.9775151857337,113.22502636874029
2026-05-31,S031,28.4645,77.0235,93.46856779802435,146.11047993163191,119.78952386482814
2026-06-30,S031,28.4645,77.0235,93.4680452218649,121.18838482817935,107.32821502502213
2026-07-31,S031,28.4645,77.0235,93.46797643023159,75.91601778401333,84.69199710712246
2026-08-31,S031,28.4645,77.0235,93.46796737453946,54.71946053516933,74.0937139548544
2026-09-30,S031,28.4645,77.0235,93.46796618245321,69.13427959821308,81.30112289033315
2026-10-31,S031,28.4645,77.0235,93.46796602552764,95.28887236154127,94.37841919353446
2026-11-30,S031,28.4645,77.0235,93.46796600487005,108.164181205771,100.81607360532053
2026-12-31,S031,28.4645,77.0235,93.46796600215069,105.38829566178526,99.42813083196798
2026-01-31,S032,28.473,77.0368,46.49120611472012,53.20703479449736,49.84912045460874
2026-02-28,S032,28.473,77.0368,45.10193661798938,53.71382356762999,49.407880092809684
2026-03-31,S032,28.473,77.0368,44.44993352644265,58.36436979140325,51.40715165892295
2026-04-30,S032,28.473,77.0368,44.14393959770034,69.80612513308935,56.975032365394846
2026-05-31,S032,28.473,77.0368,44.00033248043187,77.67752732484554,60.83892990263871
2026-06-30,S032,28.473,77.0368,43.93293570489804,65.83663377754038,54.884784741219214
2026-07-31,S032,28.473,77.0368,43.90130548044429,42.40797882932688,43.154642154885586
2026-08-31,S032,28.473,77.0368,43.88646098542105,31.33755545257017,37.61200821899561
2026-09-30,S032,28.473,77.0368,43.87949426177933,37.922253427709165,40.90087384474425
2026-10-31,S032,28.473,77.0368,43.876224683513165,50.31392830704013,47.09507649527664
2026-11-30,S032,28.473,77.0368,43.87469022591325,56.263662985175785,50.06917660554451
2026-12-31,S032,28.473,77.0368,43.87397008406795,54.896252354559664,49.385111219313806
2026-01-31,S033,28.4496,77.0201,240.34661043579533,222.4044991230719,231.37555477943363
2026-02-28,S033,28.4496,77.0201,231.41013629016052,221.32427658747946,226.36720643882
2026-03-31,S033,28.4496,77.0201,229.71899495001767,243.30532161889704,236.51215828445737
2026-04-30,S033,28.4496,77.0201,229.39896280023103,281.9998943841549,255.699428592193
2026-05-31,S033,28.4496,77.0201,229.33839980974295,294.56762094267293,261.95301037620794
2026-06-30,S033,28.4496,77.0201,229.326938849276,245.31416967477713,237.32055426202658
2026-07-31,S033,28.4496,77.0201,229.3247699733046,168.29183496313962,198.8083024682221
2026-08-31,S033,28.4496,77.0201,229.32435953449428,132.94460569451505,181.13448261450466
2026-09-30,S033,28.4496,77.0201,229.32428186291727,158.20099791461135,193.7626398887643
2026-10-31,S033,28.4496,77.0201,229.3242671643222,205.7799592205689,217.55211319244557
2026-11-30,S033,28.4496,77.0201,229.3242643827552,233.26059529606593,231.29242983941054
2026-12-31,S033,28.4496,77.0201,229.32426385637052,232.72809297799614,231.02617841718333
2026-01-31,S034,28.4795,77.0405,31.72678752861446,36.87850657848006,34.30264705354726
2026-02-28,S034,28.4795,77.0405,31.842145111617814,37.11208726627919,34.4771161889485
2026-03-31,S034,28.4795,77.0405,31.889175438633412,39.57120762603742,35.73019153233542
2026-04-30,S034,28.4795,77.0405,31.90834931174698,47.10485589318748,39.506602602467225
2026-05-31,S034,28.4795,77.0405,31.91616634032204,53.62641966798182,42.77129300415193
2026-06-30,S034,28.4795,77.0405,31.91935327784798,46.964672685410875,39.442012981629425
2026-07-31,S034,28.4795,77.0405,31.920652565767515,31.683203514068367,31.80192803991794
2026-08-31,S034,28.4795,77.0405,31.92118227464449,24.25902100288235,28.09010163876342
2026-09-30,S034,28.4795,77.0405,31.921398232547375,28.23327047173629,30.077334352141833
2026-10-31,S034,28.4795,77.0405,31.921486276787984,36.11481189154463,34.01814908416631
2026-11-30,S034,28.4795,77.0405,31.921522171692505,39.66369021741289,35.7926061945527
2026-12-31,S034,28.4795,77.0405,31.921536805746495,38.156636589377314,35.039086697561906
2026-01-31,S035,28.4362,77.0135,430.15378411800964,375.612109603585,402.88294686079735
2026-02-28,S035,28.4362,77.0135,422.34476863786966,374.8130240632709,398.5788963505703
2026-03-31,S035,28.4362,77.0135,421.22671488178827,403.18550195401224,412.2061084179003
2026-04-30,S035,28.4362,77.0135,421.0666378266631,448.2678578985022,434.66724786258266
2026-05-31,S035,28.4362,77.0135,421.0437188360169,456.834694667211,438.93920675161394
2026-06-30,S035,28.4362,77.0135,421.0404374155046,391.5493272921831,406.29488235384383
2026-07-31,S035,28.4362,77.0135,421.03996759897797,296.42008603861586,358.7300268187969
2026-08-31,S035,28.4362,77.0135,421.0399003331192,253.3552929142751,337.19759662369717
2026-09-30,S035,28.4362,77.0135,421.0398907023474,285.5485774107053,353.29423405652636
2026-10-31,S035,28.4362,77.0135,421.03988932346414,347.22207336198585,384.130981342725
2026-11-30,S035,28.4362,77.0135,421.0398891260429,385.50324272791227,403.2715659269776
2026-12-31,S035,28.4362,77.0135,421.0398890977772,387.94331662554475,404.49160286166097
2026-01-31,S036,28.4665,77.0315,77.02131079032885,82.93087168024886,79.97609123528886
2026-02-28,S036,28.4665,77.0315,76.67277401067527,83.26909679453891,79.9709354026071
2026-03-31,S036,28.4665,77.0315,76.67802655450446,92.03145983018969,84.35474319234707
2026-04-30,S036,28.4665,77.0315,76.67794739724391,110.58618719696383,93.63206729710387
2026-05-31,S036,28.4665,77.0315,76.6779485901653,120.64206803083601,98.66000831050066
2026-06-30,S036,28.4665,77.0315,76.67794857218765,99.9548519456692,88.31640025892843
2026-07-31,S036,28.4665,77.0315,76.67794857245858,62.80344331323232,69.74069594284545
2026-08-31,S036,28.4665,77.0315,76.6779485724545,45.325544845836845,61.00174670914567
2026-09-30,S036,28.4665,77.0315,76.67794857245455,56.31004532546237,66.49399694895845
2026-10-31,S036,28.4665,77.0315,76.67794857245455,76.95870198356664,76.8183252780106
2026-11-30,S036,28.4665,77.0315,76.67794857245455,87.6451203890228,82.16153448073868
2026-12-31,S036,28.4665,77.0315,76.67794857245455,86.33415420715522,81.5060513898049
2026-01-31,S037,28.4541,77.0258,177.40520580982135,176.3197971407479,176.86250147528463
2026-02-28,S037,28.4541,77.0258,168.54346949311866,176.4047868409945,172.47412816705656
2026-03-31,S037,28.4541,77.0258,163.53607293371815,195.08490124346514,179.31048708859163
2026-04-30,S037,28.4541,77.0258,160.7066025673029,228.1227375226377,194.4146700449703
2026-05-31,S037,28.4541,77.0258,159.10778720298103,239.67183757686192,199.38981238992147
2026-06-30,S037,28.4541,77.0258,158.20436350944001,197.8733159129863,178.03883971121314
2026-07-31,S037,28.4541,77.0258,157.69387656500322,131.3740137358618,144.53394515043252
2026-08-31,S037,28.4541,77.0258,157.40542174330267,100.40254146381304,128.90398160355784
2026-09-30,S037,28.4541,77.0258,157.24242798789118,121.01129993152996,139.12686395971056
2026-10-31,S037,28.4541,77.0258,157.1503270337573,160.69390617919328,158.9221166064753
2026-11-30,S037,28.4541,77.0258,157.0982846366056,183.75664052704528,170.42746258182544
2026-12-31,S037,28.4541,77.0258,157.06887765459584,183.78565500064335,170.42726632761958
2026-01-31,S038,28.474,77.0435,30.48514013822521,42.23774855163859,36.3614443449319
2026-02-28,S038,28.474,77.0435,29.961113397776128,42.50592722316168,36.233520310468904
2026-03-31,S038,28.474,77.0435,29.90334082682869,45.20312066697022,37.55323074689946
2026-04-30,S038,28.474,77.0435,29.89697155271299,52.777413950270244,41.337192751491614
2026-05-31,S038,28.474,77.0435,29.89626935698073,58.50535359212617,44.20081147455345
2026-06-30,S038,28.474,77.0435,29.89619194174668,50.53168101777072,40.2139364797587
2026-07-31,S038,28.474,77.0435,29.896183406920578,34.614924770184444,32.255554088552515
2026-08-31,S038,28.474,77.0435,29.89618246597843,27.83737557761154,28.866779021794983
2026-09-30,S038,28.474,77.0435,29.896182362242033,32.9799154345626,31.438048898402315
2026-10-31,S038,28.474,77.0435,29.89618235080537,41.48111777917305,35.688650064989204
2026-11-30,S038,28.474,77.0435,29.896182349544507,45.0716907534852,37.48393655151485
2026-12-31,S038,28.474,77.0435,29.8961823494055,43.534238999594436,36.71521067449997
2026-01-31,S039,28.4468,77.0188,342.90589812380165,253.71270364098677,298.3093008823942
2026-02-28,S039,28.4468,77.0188,336.6395580542301,252.63350946585157,294.63653376004083
2026-03-31,S039,28.4468,77.0188,334.9824377075766,276.53254841043764,305.7574930590071
2026-04-30,S039,28.4468,77.0188,334.54421574502663,317.5518887292543,326.0480522371405
2026-05-31,S039,28.4468,77.0188,334.4283288760681,329.6303984867793,332.0293636814237
2026-06-30,S039,28.4468,77.0188,334.3976828392541,275.9878125913503,305.1927477153022
2026-07-31,S039,28.4468,77.0188,334.3895785597888,193.52550570741553,263.95754213360215
2026-08-31,S039,28.4468,77.0188,334.38743540026536,155.76544140137992,245.07643840082264
2026-09-30,S039,28.4468,77.0188,334.38686864627294,182.96152266819237,258.67419565723264
2026-10-31,S039,28.4468,77.0188,334.38671876938116,234.4594285521418,284.4230736607615
2026-11-30,S039,28.4468,77.0188,334.3866791347549,264.7469499288513,299.56681453180306
2026-12-31,S039,28.4468,77.0188,334.386668653462,264.7694141923413,299.5780414229016
2026-01-31,S040,28.4875,77.0345,39.54634458935456,48.16555372834412,43.85594915884934
2026-02-28,S040,28.4875,77.0345,41.94566257047787,49.21846307759378,45.58206282403583
2026-03-31,S040,28.4875,77.0345,40.67858266175462,52.703799178973384,46.691190920364
2026-04-30,S040,28.4875,77.0345,41.347727605326654,61.205081593551114,51.276404599438884
2026-05-31,S040,28.4875,77.0345,40.99435213750853,68.37716991798038,54.685761027744455
2026-06-30,S040,28.4875,77.0345,41.180969734271756,61.440187107431626,51.31057842085169
2026-07-31,S040,28.4875,77.0345,41.0824169749738,44.20578189590327,42.644099435438534
2026-08-31,S040,28.4875,77.0345,41.13446269056387,33.7704929288966,37.45247780973024
2026-09-30,S040,28.4875,77.0345,41.106977346362676,35.84387533641981,38.47542634139124
2026-10-31,S040,28.4875,77.0345,41.1214923575849,44.076722306417906,42.5991073320014
2026-11-30,S040,28.4875,77.0345,41.11382697965698,49.121701290087344,45.11776413487216
2026-12-31,S040,28.4875,77.0345,41.11787506600554,48.760735055086656,44.9393050605461
2026-01-31,S041,28.4589,77.0295,98.70884135432762,131.91429195932278,115.31156665682519
2026-02-28,S041,28.4589,77.0295,95.35961430135477,132.40620857280183,113.88291143707829
2026-03-31,S041,28.4589,77.0295,93.74715277260017,146.74097160974873,120.24406219117445
2026-04-30,S041,28.4589,77.0295,92.9708446452053,173.15151567238945,133.06118015879738
2026-05-31,S041,28.4589,77.0295,92.59709662212856,183.78900177065125,138.1930491963899
2026-06-30,S041,28.4589,77.0295,92.41715829632159,151.28750885610816,121.85233357621487
2026-07-31,S041,28.4589,77.0295,92.33052826995335,97.9254199886209,95.12797412928713
2026-08-31,S041,28.4589,77.0295,92.28882086029004,73.00387621460749,82.64634853744877
2026-09-30,S041,28.4589,77.0295,92.26874112473243,89.12623046215404,90.69748579344324
2026-10-31,S041,28.4589,77.0295,92.25907387895239,120.03830207801802,106.14868797848521
2026-11-30,S041,28.4589,77.0295,92.25441965227179,137.5272396508839,114.89082965157785
2026-12-31,S041,28.4589,77.0295,92.25217890795979,137.20156163332854,114.72687027064416
2026-01-31,S042,28.4708,77.0341,63.5497949871958,63.17542869849038,63.362611842843094
2026-02-28,S042,28.4708,77.0341,62.60626747731356,63.64570986936556,63.12598867333956
2026-03-31,S042,28.4708,77.0341,62.524009190139,69.7291921141246,66.1266006521318
2026-04-30,S042,28.4708,77.0341,62.51683777675886,83.82418528094905,73.17051152885395
2026-05-31,S042,28.4708,77.0341,62.516212561092026,92.73817122317195,77.62719189213199
2026-06-30,S042,28.4708,77.0341,62.51615805375723,77.82325563813558,70.16970684594641
2026-07-31,S042,28.4708,77.0341,62.51615330171773,49.31321249792936,55.914682899823546
2026-08-31,S042,28.4708,77.0341,62.516152887427076,35.76944492663338,49.142798907030226
2026-09-30,S042,28.4708,77.0341,62.51615285130853,43.87261907089206,53.194385961100295
2026-10-31,S042,28.4708,77.0341,62.516152848159656,59.20712044493811,60.86163664654889
2026-11-30,S042,28.4708,77.0341,62.51615284788513,66.79948847119033,64.65782065953773
2026-12-31,S042,28.4708,77.0341,62.5161528478612,65.42209159804085,63.96912222295103
2026-01-31,S043,28.4509,77.0208,201.28824486815367,208.54759421968868,204.9179195439212
2026-02-28,S043,28.4509,77.0208,193.0508216933332,207.51425710247582,200.28253939790451
2026-03-31,S043,28.4509,77.0208,188.76234310347817,228.56085519653362,208.66159915000588
2026-04-30,S043,28.4509,77.0208,186.52972153902323,266.03685230474736,226.2832869218853
2026-05-31,S043,28.4509,77.0208,185.36739813093604,278.72890368491187,232.04815090792397
2026-06-30,S043,28.4509,77.0208,184.7622818288738,231.57818099742053,208.17023141314718
2026-07-31,S043,28.4509,77.0208,184.44725269285726,157.2394151373573,170.84333391510728
2026-08-31,S043,28.4509,77.0208,184.28324561487722,123.0741463302902,153.6786959725837
2026-09-30,S043,28.4509,77.0208,184.19786201522774,147.34782397119716,165.77284299321246
2026-10-31,S043,28.4509,77.0208,184.15341052460374,193.00465997208937,188.57903524834654
2026-11-30,S043,28.4509,77.0208,184.13026866800823,219.16990778016392,201.65008822408606
2026-12-31,S043,28.4509,77.0208,184.11822080371462,218.44753408837815,201.28287744604637
2026-01-31,S044,28.4779,77.0428,31.681971302314473,35.55430185861866,33.61813658046657
2026-02-28,S044,28.4779,77.0428,30.789095875509332,35.64769761238881,33.21839674394907
2026-03-31,S044,28.4779,77.0428,30.62702852949545,37.79195471860152,34.20949162404848
2026-04-30,S044,28.4779,77.0428,30.597611408298636,44.69298982481362,37.64530061655613
2026-05-31,S044,28.4779,77.0428,30.592271856311193,50.64561652637826,40.618944191344724
2026-06-30,S044,28.4779,77.0428,30.591302665096464,44.28699103918032,37.43914685213839
2026-07-31,S044,28.4779,77.0428,30.591126745541242,30.179725035920114,30.38542589073068
2026-08-31,S044,28.4779,77.0428,30.591094814081856,23.824890460076404,27.20799263707913
2026-09-30,S044,28.4779,77.0428,30.591089018148043,28.033681440932867,29.312385229540453
2026-10-31,S044,28.4779,77.0428,30.591087966118184,35.46626366182801,33.028675813973095
2026-11-30,S044,28.4779,77.0428,30.591087775162446,38.55211014800241,34.57159896158243
2026-12-31,S044,28.4779,77.0428,30.59108774050174,36.892902021877575,33.741994881189655
2026-01-31,S045,28.4429,77.0155,270.1254475470868,295.820205731219,282.9728266391529
2026-02-28,S045,28.4429,77.0155,267.971340171315,294.34312877482625,281.1572344730706
2026-03-31,S045,28.4429,77.0155,267.1689055349395,319.8310652422129,293.4999853885762
2026-04-30,S045,28.4429,77.0155,266.8699875919914,362.8266729134684,314.8483302527299
2026-05-31,S045,28.4429,77.0155,266.7586365453567,374.1921621362703,320.4753993408135
2026-06-30,S045,28.4429,77.0155,266.71715674837844,316.44970636911796,291.5834315587482
2026-07-31,S045,28.4429,77.0155,266.7017049532732,229.2635984089199,247.98265168109654
2026-08-31,S045,28.4429,77.0155,266.6959489469914,189.75899093970358,228.2274699433475
2026-09-30,S045,28.4429,77.0155,266.6938047554531,219.34220576984478,243.01800526264893
2026-10-31,S045,28.4429,77.0155,266.6930060146026,274.9053414541107,270.79917373435666
2026-11-30,S045,28.4429,77.0155,266.69270847264573,307.8310037402165,287.2618561064311
2026-12-31,S045,28.4429,77.0155,266.69259763417284,308.0493192052131,287.370958419693
2026-01-31,S046,28.4628,77.041,76.86142526051506,91.99391950601583,84.42767238326545
2026-02-28,S046,28.4628,77.041,76.3457216610763,93.4911291411221,84.9184254010992
2026-03-31,S046,28.4628,77.041,76.31028738834496,101.65675082762144,88.9835191079832
2026-04-30,S046,28.4628,77.041,76.30785268033561,116.43563869853938,96.37174568943749
2026-05-31,S046,28.4628,77.041,76.30768539023386,122.50953964825698,99.40861251924542
2026-06-30,S046,28.4628,77.041,76.30767389564065,102.8807897332208,89.59423181443071
2026-07-31,S046,28.4628,77.041,76.30767310584095,70.91241053911888,73.61004182247991
2026-08-31,S046,28.4628,77.041,76.30767305157339,56.57876595611697,66.44321950384517
2026-09-30,S046,28.4628,77.041,76.30767304784463,66.0914170839473,71.19954506589596
2026-10-31,S046,28.4628,77.041,76.30767304758842,83.7198393508686,80.01375619922851
2026-11-30,S046,28.4628,77.041,76.30767304757082,93.56665884041053,84.93716594399066
2026-12-31,S046,28.4628,77.041,76.30767304756961,93.68357671783215,84.99562488270088
2026-01-31,S047,28.4835,77.028,49.752886356189514,59.66794637073693,54.710416363463224
2026-02-28,S047,28.4835,77.028,50.28297255052888,60.736108034054695,55.50954029229179
2026-03-31,S047,28.4835,77.028,50.49649990101422,64.90151812060077,57.699009010807494
2026-04-30,S047,28.4835,77.028,50.58251219466037,75.71179505085144,63.1471536227559
2026-05-31,S047,28.4835,77.028,50.61715934708115,84.71744892800544,67.6673041375433
2026-06-30,S047,28.4835,77.028,50.631115784236606,75.79147738680696,63.21129658552178
2026-07-31,S047,28.4835,77.028,50.6367376643758,54.10230635469313,52.369522009534464
2026-08-31,S047,28.4835,77.028,50.63900224923707,41.459461486709074,46.04923186797308
2026-09-30,S047,28.4835,77.028,50.63991446089348,44.908556829000446,47.77423564494696
2026-10-31,S047,28.4835,77.028,50.64028191460224,55.300007278621166,52.9701445966117
2026-11-30,S047,28.4835,77.028,50.64042993093939,60.996762734285795,55.81859633261259
2026-12-31,S047,28.4835,77.028,50.640489554330145,60.352920182968546,55.496704868649346
2026-01-31,S048,28.439,77.0325,382.52606990350694,351.3878484283665,366.9569591659367
2026-02-28,S048,28.439,77.0325,382.23045444072324,356.2494739276694,369.2399641841963
2026-03-31,S048,28.439,77.0325,382.22665251059016,386.11690565780873,384.17177908419944
2026-04-30,S048,28.439,77.0325,382.2266036137138,427.49893553035747,404.86276957203563
2026-05-31,S048,28.439,77.0325,382.22660298484783,431.8498900770844,407.03824653096615
2026-06-30,S048,28.439,77.0325,382.2266029767599,366.9677419545889,374.5971724656744
2026-07-31,S048,28.439,77.0325,382.2266029766559,274.3846524532553,328.30562771495556
2026-08-31,S048,28.439,77.0325,382.22660297665453,229.2383274633035,305.732465219979
2026-09-30,S048,28.439,77.0325,382.22660297665453,253.64038259736677,317.93349278701066
2026-10-31,S048,28.439,77.0325,382.22660297665453,308.84292752432947,345.534765250492
2026-11-30,S048,28.439,77.0325,382.22660297665453,347.81401748481585,365.02031023073516
2026-12-31,S048,28.439,77.0325,382.22660297665453,356.45039029458314,369.33849663561887
2026-01-31,S049,28.4575,77.0135,178.17215821273976,141.1443972288841,159.65827772081192
2026-02-28,S049,28.4575,77.0135,179.4569639050151,137.6011533780483,158.52905864153172
2026-03-31,S049,28.4575,77.0135,179.4535634992304,151.6237489701448,165.5386562346876
2026-04-30,S049,28.4575,77.0135,179.45357249884768,182.3623334596139,180.9079529792308
2026-05-31,S049,28.4575,77.0135,179.453572475029,197.8679503306912,188.6607614028601
2026-06-30,S049,28.4575,77.0135,179.45357247509205,166.1578205748098,172.80569652495092
2026-07-31,S049,28.4575,77.0135,179.45357247509187,110.74940025510747,145.10148636509967
2026-08-31,S049,28.4575,77.0135,179.45357247509187,86.1059245531492,132.77974851412054
2026-09-30,S049,28.4575,77.0135,179.45357247509187,106.51261831079742,142.98309539294465
2026-10-31,S049,28.4575,77.0135,179.45357247509187,140.92979582296607,160.19168414902896
2026-11-30,S049,28.4575,77.0135,179.45357247509187,157.03800213144794,168.2457873032699
2026-12-31,S049,28.4575,77.0135,179.45357247509187,151.83463822330395,165.6441053491979
2026-01-31,S050,28.495,77.049,23.4781748544722,28.410594556148652,25.944384705310426
2026-02-28,S050,28.495,77.049,24.05239137365245,27.3566153139775,25.704503343814977
2026-03-31,S050,28.495,77.049,24.150630235187343,29.51889186894485,26.834761052066096
2026-04-30,S050,28.495,77.049,24.167437264580105,35.45759830414008,29.81251778436009
2026-05-31,S050,28.495,77.049,24.170312666764087,40.41017228905491,32.2902424779095
2026-06-30,S050,28.495,77.049,24.17080460008118,36.894272952154495,30.53253877611784
2026-07-31,S050,28.495,77.049,24.17088876166032,27.611156649296277,25.8910227054783
2026-08-31,S050,28.495,77.049,24.170903160301673,22.463697216571035,23.317300188436356
2026-09-30,S050,28.495,77.049,24.170905623668865,24.463347636116026,24.317126629892446
2026-10-31,S050,28.495,77.049,24.170906045109874,30.11895531996717,27.144930682538522
2026-11-30,S050,28.495,77.049,24.170906117211395,33.217370306950585,28.69413821208099
2026-12-31,S050,28.495,77.049,24.17090612954676,31.378022864383894,27.77446449696533
